 model_no, vf, stress2L, stress2T, stress2TL, stress3T, stress3Z, stress3TZ, step
6,         0.596083036076324D+00,         0.999908303607632D+09,         0.343724638325880D+08,         0.402853898135361D+08,         0.343724638325880D+08,         0.343724630696485D+08,         0.402853905764756D+08,6
