 f_left,f_right
         0.234203376284038D+05,        -0.234203378242481D+05
