 f_left,f_right
         0.125282037102041D+04,        -0.125282037102049D+04
         0.626410185510205D+04,        -0.626410185510242D+04
