 f_left,f_right
         0.274742488562618D+05,        -0.274742487492913D+05
