 f_left,f_right
         0.118089549438300D+05,        -0.233600258995129D+05
