 f_left,f_right
         0.273754931455942D+05,        -0.273754930564933D+05
