 f_left,f_right
         0.233600255610054D+05,        -0.233600258995109D+05
