 f_left,f_right
         0.117054927505109D+04,        -0.117054927504949D+04
         0.819384492535763D+04,        -0.819384492534636D+04
