 f_left,f_right
         0.267179617807698D+05,        -0.267179614738471D+05
