 f_left,f_right
         0.234136439537009D+05,        -0.234136437459923D+05
         0.140481863722205D+06,        -0.140481862475953D+06
         0.177502091600530D+06,        -0.745281071488237D+05
        -0.595510562988302D+06,         0.489482189269818D+05
