 f_left,f_right
         0.234136439537009D+05,        -0.234136437459923D+05
