 f_left,f_right
         0.126383013642515D+04,        -0.126383013642374D+04
         0.505532054570059D+04,        -0.505532054569496D+04
