 f_left,f_right
         0.269197842017033D+05,        -0.269197841280020D+05
