 f_left,f_right
         0.118628911956378D+05,        -0.234139615999842D+05
         0.237257823912755D+05,        -0.468279231999684D+05
         0.355886735869134D+05,        -0.702418847999532D+05
         0.474515647825510D+05,        -0.936558463999369D+05
         0.593144559781888D+05,        -0.117069807999923D+06
         0.711773471738269D+05,        -0.140483769599906D+06
         0.961650628397482D+05,        -0.757204150087521D+05
        -0.594531245364643D+06,        -0.392015272603082D+04
