 f_left,f_right
         0.118625733365261D+05,        -0.234136437459922D+05
