 f_left,f_right
         0.271535581574094D+05,        -0.271535578351319D+05
